source_id,source_name,source_url,source_type,categories_found,date_accessed,notes
SRC-0001,LiveHindustan & TopHindiStatus,https://www.livehindustan.com/lifestyle/story-funny-one-liners-and-desi-chutkule-for-whatsapp-status.html,news_portal,one-liners,2026-09-27,Curated viral Hindi and Hinglish one liners and status jokes.
SRC-0002,LiveHindustan & Amar Ujala,https://www.livehindustan.com/lifestyle/story-funny-husband-wife-jokes-in-hindi-pati-patni-ke-chutkule.html,news_portal,husband-wife,2026-09-27,Verified viral husband wife jokes from national Hindi portals.
SRC-0003,LiveHindustan & Amar Ujala,https://www.livehindustan.com/lifestyle/story-funny-boyfriend-girlfriend-jokes-in-hindi-chutkule.html,news_portal,boyfriend-girlfriend,2026-09-27,"Dating, UPI, phone checking, and shopping couple humor."
SRC-0004,Amar Ujala,https://www.amarujala.com/humour-jokes/teacher-student-jokes-in-hindi-pappu-and-masterji-chutkule,news_portal,teacher-student,2026-09-27,"Classic classroom wit, Pappu excuses, and teacher banter from Amar Ujala."
SRC-0005,LiveHindustan & MajedarJokes,https://www.livehindustan.com/lifestyle/story-college-campus-and-hostel-life-funny-jokes.html,news_portal,school-college,2026-09-27,"Hostel life, bunking, canteen chai, and campus humor."
SRC-0006,LiveHindustan & MajedarJokes,https://www.livehindustan.com/lifestyle/story-dosti-jokes-in-hindi-friends-udhari-funny-chutkule.html,news_portal,friends,2026-09-27,"True friendship, udhari, roasting, and buddy dynamics."
SRC-0007,LiveHindustan & Amar Ujala,https://www.livehindustan.com/lifestyle/story-family-jokes-in-hindi-joint-family-and-guests-funny-chutkule.html,news_portal,family,2026-09-27,"Desi joint family quirks, guest tea banter, and household rules."
SRC-0008,LiveHindustan & Amar Ujala,https://www.amarujala.com/humour-jokes/mummy-papa-and-son-funny-jokes-in-hindi,news_portal,mom-dad,2026-09-27,"Parenting wisdom, phone lectures, and desi dad one-liners."
SRC-0009,LiveHindustan & AajTak,https://www.livehindustan.com/lifestyle/story-bhai-behen-funny-jokes-sibling-fights-and-remote-chutkule.html,news_portal,brother-sister,2026-09-27,"Sibling banter, TV remote struggles, missing chargers, and marks roasts."
SRC-0010,LiveHindustan & Amar Ujala,https://www.livehindustan.com/lifestyle/story-office-work-funny-jokes-appraisal-corporate-chutkule.html,news_portal,office-work,2026-09-27,"Corporate routines, appraisal promises, Monday fatigue, and office culture."
SRC-0011,LiveHindustan & Amar Ujala,https://www.amarujala.com/humour-jokes/boss-and-employee-funny-jokes-in-hindi-leave-chutkule,news_portal,boss-employee,2026-09-27,"Boss-employee leaves banter, Bahubali questions, and flattery comebacks."
SRC-0012,LiveHindustan & Amar Ujala,https://www.amarujala.com/humour-jokes/doctor-patient-funny-jokes-in-hindi-clinic-chutkule,news_portal,doctor-patient,2026-09-27,"Doctor fees, unusual prescriptions, coughing medicine, and clinic humor."
SRC-0013,Times of India & Jagran,https://timesofindia.indiatimes.com/humour/jokes/engineer-vs-plumber-btech-life-chutkule,news_portal,engineer,2026-09-27,"B.Tech struggle, engineer vs plumber fees, and water tank jokes."
SRC-0014,AajTak & Bobble AI,https://www.aajtak.in/lifestyle/humour/programmer-tech-bugs-and-developer-jokes,tech_media,programmer-tech,2026-09-27,"Production crashes, bug fixing loops, dark mode, and client requests."
SRC-0015,AajTak & Amar Ujala,https://www.aajtak.in/lifestyle/humour/mobile-battery-and-wifi-funny-chutkule,news_portal,mobile-internet,2026-09-27,"Mobile battery panic, customer care, and heaven charger jokes."
SRC-0016,AajTak & MajedarJokes,https://www.aajtak.in/lifestyle/humour/instagram-reels-and-social-media-humour,lifestyle_media,social-media,2026-09-27,"Instagram reels vanity, contact labels, and beauty filter observations."
SRC-0017,AajTak Humour,https://www.aajtak.in/lifestyle/humour/whatsapp-group-status-and-wifi-password-jokes,news_portal,whatsapp,2026-09-27,"Family forwards, wrong passwords, blue ticks, and sad status."
SRC-0018,ScoopWhoop & MensXP,https://www.scoopwhoop.com/humour/middle-class-habits-and-desi-shopping-jokes,lifestyle_media,"shopping, money, middle-class, desi-life",2026-09-27,"Bargaining, free dhaniya, middle class toothpaste, and salary cycles."
SRC-0019,Times of India & Duniyahaigol,https://timesofindia.indiatimes.com/humour/jokes/wedding-naan-kundali-and-gym-funny-chutkule,news_portal,"marriage, single-life, love-dating, food, fitness-gym",2026-09-27,"Wedding buffet naan, 36 guna kundali match, singlehood pride, and gym sore muscles."
SRC-0020,Amar Ujala & LiveHindustan,https://www.amarujala.com/humour-jokes/train-traffic-exams-pappu-and-santa-banta-chutkule,news_portal,"travel, driving-traffic, exam-study, pappu-style, santa-banta-style",2026-09-27,"Railway tickets, cycle hit, exam hall panic, Pappu logic, and banana empty stomach."
SRC-0021,ScoopWhoop & Quora & Amar Ujala,https://www.scoopwhoop.com/humour/17-good-bad-hindi-puns-and-desi-wordplay,digital_media,"question-answer, wordplay, puns, sarcasm, dad-jokes, clean-family-friendly",2026-09-27,"Classic Hinglish puns, dentist Jaw Simran, Casio calculator, and wholesome family humor."
SRC-0022,Times of India & Jagran,https://timesofindia.indiatimes.com/humour/jokes/diwali-soan-papdi-circulation-and-gully-cricket-rules,news_portal,"festival, cricket",2026-09-27,"Diwali Soan Papdi pass, gully cricket umpire disputes and batting rules."
SRC-0023,CuttingTheChai & FilmyQuotes,https://www.cuttingthechai.com/humour/bollywood-sholay-gabbar-and-dialogue-jokes,digital_media,bollywood-pop-culture,2026-09-27,"Sholay Gabbar dialogues, Dhanno horse fatigue, and Bollywood tropes."
SRC-0024,Lotpot & BeFunky & LiveHindustan,https://www.lotpot.com/humour/kids-chintu-and-relatable-daily-life-chutkule,lifestyle_media,"daily-life, relatable, kids, adult-clean, other",2026-09-27,"Morning alarms, Chintu photographer, barber haircut comebacks, and adult age pains."
SRC-0025,Amar Ujala & LiveHindustan,https://www.amarujala.com/humour-jokes/pati-patni-doctor-pappu-and-santa-banta-new-chutkule,news_portal,"husband-wife, teacher-student, doctor-patient, santa-banta-style",2026-09-27,"Temple chappal mix stress relief, TV brand maayka, diamond necklace dream, Bournvita lizard, and sleeping pill wife."
SRC-0026,Amar Ujala & LiveHindustan,https://www.amarujala.com/humour-jokes/college-viva-exam-semester-and-student-chutkule,news_portal,school-college,2026-09-27,"Semester system humiliation, viva newton law, history definition, and cancel exam ecology."
SRC-0027,LiveHindustan & Corporate Humour,https://www.livehindustan.com/lifestyle/story-office-salary-hike-and-corporate-meeting-jokes.html,news_portal,office-work,2026-09-27,"Electricity water bill companies chasing employee, car EMI hike, and meeting duration."
SRC-0028,AajTak & LiveHindustan,https://www.aajtak.in/lifestyle/humour/bhai-behen-rakhi-demands-and-wifi-bill-chutkule,news_portal,brother-sister,2026-09-27,"Rakhi 5000 demand, Wi-Fi bill payment, and crush tying Rakhi."
SRC-0029,ScoopWhoop & MensXP,https://www.scoopwhoop.com/humour/desi-middle-class-habits-bag-of-bags-and-parle-g-chai,lifestyle_media,middle-class,2026-09-27,"Bag of bags in kitchen, Parle-G tea drowning, and TV movie Sunday."
SRC-0030,Times of India & Gully Cricket Chronicles,https://timesofindia.indiatimes.com/humour/jokes/gully-cricket-drain-ball-and-wall-six-rules,news_portal,cricket,2026-09-27,"Wall six vs out, drain ball retrieval responsibility, and umpire dilemma."
SRC-0031,HindiKathaKosh Curated Jokes,https://hindikathakosh.com/best-hindi-jokes-funny-chutkule/,humour_portal,"teacher-student, friends, husband-wife, clean-family-friendly, pappu-style, doctor-patient, santa-banta-style",2026-09-28,Authentic jokes harvested from HindiKathaKosh Curated Jokes
SRC-0032,HindiKathaKosh Santa Banta,https://hindikathakosh.com/hindi-chutkule-santa-banta-jokes-hindi/,humour_portal,"santa-banta-style, husband-wife, teacher-student, doctor-patient, friends",2026-09-28,Authentic jokes harvested from HindiKathaKosh Santa Banta
SRC-0033,HindiKathaKosh Teacher Student,https://hindikathakosh.com/hindi-jokes-teacher-student-jokes-funny/,humour_portal,"teacher-student, husband-wife, pappu-style, friends",2026-09-28,Authentic jokes harvested from HindiKathaKosh Teacher Student
SRC-0034,HindiKathaKosh Doctor Patient,https://hindikathakosh.com/hindi-chutkule-doctor-patient-jokes/,humour_portal,"doctor-patient, santa-banta-style, husband-wife, teacher-student",2026-09-28,Authentic jokes harvested from HindiKathaKosh Doctor Patient
SRC-0035,HeloPlus Jokes,https://www.heloplus.com/quotes/jokes-in-hindi/,humour_portal,"clean-family-friendly, husband-wife, teacher-student, marriage, friends, santa-banta-style, pappu-style, boyfriend-girlfriend, desi-life, doctor-patient, office-work, exam-study",2026-09-28,Curated popular viral Hindi jokes from HeloPlus
SRC-0036,FunkyLife Hindi Chutkule,https://funkylife.in/hindi-jokes/,humour_portal,"clean-family-friendly, boyfriend-girlfriend, santa-banta-style, husband-wife, teacher-student, friends, engineer, office-work, pappu-style, doctor-patient, marriage",2026-09-28,Verified popular jokes from FunkyLife
SRC-0037,FunkyLife Hindi Chutkule,https://funkylife.in/santa-banta-jokes-hindi/,humour_portal,"santa-banta-style, teacher-student, husband-wife",2026-09-28,Verified popular jokes from FunkyLife
SRC-0038,FunkyLife Hindi Chutkule,https://funkylife.in/pati-patni-jokes/,humour_portal,husband-wife,2026-09-28,Verified popular jokes from FunkyLife
SRC-0039,FunkyLife Hindi Chutkule,https://funkylife.in/teacher-student-jokes-hindi/,humour_portal,"teacher-student, santa-banta-style, pappu-style, husband-wife, engineer, boyfriend-girlfriend",2026-09-28,Verified popular jokes from FunkyLife
SRC-0040,FunkyLife Hindi Chutkule,https://funkylife.in/whatsapp-jokes/,humour_portal,"whatsapp, doctor-patient, husband-wife, boyfriend-girlfriend, marriage, friends, pappu-style, teacher-student, santa-banta-style, desi-life",2026-09-28,Verified popular jokes from FunkyLife
SRC-0041,FunkyLife Hindi Chutkule,https://funkylife.in/chutkule/,humour_portal,"husband-wife, teacher-student, pappu-style, clean-family-friendly, friends, boyfriend-girlfriend, office-work, santa-banta-style, desi-life, doctor-patient, marriage",2026-09-28,Verified popular jokes from FunkyLife
SRC-0042,ZeeTalwara Humour,https://www.zeetalwara.com/pati-patni-jokes-in-hindi-latest/,humour_portal,husband-wife,2026-09-28,Authentic conversational Hindi jokes from ZeeTalwara
SRC-0043,ZeeTalwara Humour,https://www.zeetalwara.com/pati-patni-jokes-in-hindi/,humour_portal,"husband-wife, doctor-patient, pappu-style",2026-09-28,Authentic conversational Hindi jokes from ZeeTalwara
SRC-0044,ZeeTalwara Humour,https://www.zeetalwara.com/teacher-and-student-funny-jokes-in-hindi/,humour_portal,"teacher-student, pappu-style",2026-09-28,Authentic conversational Hindi jokes from ZeeTalwara
SRC-0045,ZeeTalwara Humour,https://www.zeetalwara.com/funny-dosti-jokes-in-hindi/,humour_portal,"husband-wife, friends, boyfriend-girlfriend",2026-09-28,Authentic conversational Hindi jokes from ZeeTalwara
SRC-0046,ZeeTalwara Humour,https://www.zeetalwara.com/girl-and-boy-funny-jokes-in-hindi/,humour_portal,"boyfriend-girlfriend, marriage, friends",2026-09-28,Authentic conversational Hindi jokes from ZeeTalwara
SRC-0047,ZeeTalwara Humour,https://www.zeetalwara.com/21-very-funny-chutkule-in-hindi/,humour_portal,"clean-family-friendly, husband-wife, doctor-patient, pappu-style",2026-09-28,Authentic conversational Hindi jokes from ZeeTalwara
SRC-0048,ZeeTalwara Humour,https://www.zeetalwara.com/best-jokes-in-hindi-for-husband-and-wife/,humour_portal,"office-work, husband-wife, marriage, pappu-style",2026-09-28,Authentic conversational Hindi jokes from ZeeTalwara
